{
  "href": "/v2/intenzita/1",
  "id": 1,
  "nazov": "Intenzita 312020/7170/LDR/30794536",
  "subjekt": {
    "dic": "2021777780",
    "href": "/v2/subjekty/100077",
    "ico": "30794536",
    "id": 100077
  },
  "zdrojEu": {
    "cerpanieEu": 2830622.31,
    "cerpanieRo": 4545240.46,
    "percento": 0.565845,
    "sumaZazmluvnena": 18677128.8375,
    "zdroj": {
      "ciselnikKod": 1052,
      "href": "/v2/hodnotaCiselnika/1052/hodnota/6",
      "id": 6
    }
  },
  "zdrojPr": {
    "cerpanieEu": 2830622.32,
    "cerpanieRo": 4545240.46,
    "percento": 0.565845,
    "sumaZazmluvnena": 18677128.8375,
    "zdroj": {
      "ciselnikKod": 1052,
      "href": "/v2/hodnotaCiselnika/1052/hodnota/6",
      "id": 6
    }
  },
  "zdrojSr": {
    "cerpanieEu": 499521.57,
    "cerpanieRo": 802101.25,
    "percento": 0.099855,
    "sumaZazmluvnena": 3295963.9125,
    "zdroj": {
      "ciselnikKod": 1052,
      "href": "/v2/hodnotaCiselnika/1052/hodnota/7",
      "id": 7
    }
  },
  "zdrojVz": {
    "cerpanieEu": 499521.58,
    "cerpanieRo": 802101.25,
    "percento": 0.099855,
    "sumaZazmluvnena": 3295963.9125,
    "zdroj": {
      "ciselnikKod": 1052,
      "href": "/v2/hodnotaCiselnika/1052/hodnota/7",
      "id": 7
    }
  },
  "zdrojYei": {
    "cerpanieEu": 1672325.51,
    "cerpanieRo": 2685318.22,
    "percento": 0.3343,
    "sumaZazmluvnena": 11034407.25,
    "zdroj": {
      "ciselnikKod": 1052,
      "href": "/v2/hodnotaCiselnika/1052/hodnota/200001",
      "id": 200001
    }
  }
}
